Timestamp,Task,Time (s),Input Tokens,Output Tokens,Total Tokens,Cache Read,Cycles,Items,Total,Item 1,Item 2,Item 3,Item 4,Item 5
2025-10-20T11:10:47,"I am on a tight budget. Find me Milk, Chicken Breast, Eggs, Apples, and Bread.",57.7,43547,1235,44782,0,11,5,€13.51,Yutto Organic Oat milk  (€0.89),GBO chicken breast fillet with inner fillet (€8.35),Sonnendorfer GQB free-range eggs M/L 10 pieces (€2.79),Apple Pink Lady® (€0.69),Yutto Korn an Korn (€0.79)
2025-10-20T11:11:48,"I am on a tight budget. Find me Milk, Chicken Breast, Eggs, Apples, and Bread.",46.9,43545,1014,44559,0,11,5,€13.51,Yutto Organic Oat milk  (€0.89),GBO chicken breast fillet with inner fillet (€8.35),Sonnendorfer GQB free-range eggs M/L 10 pieces (€2.79),Apple Pink Lady® (€0.69),Yutto Butter Toast (€0.79)
2025-10-20T11:12:38,"I am on a tight budget. Find me Milk, Chicken Breast, Eggs, Apples, and Bread.",48.3,43545,1014,44559,0,11,5,€13.51,Yutto Organic Oat milk  (€0.89),GBO chicken breast fillet with inner fillet (€8.35),Sonnendorfer GQB free-range eggs M/L 10 pieces (€2.79),Apple Pink Lady® (€0.69),Yutto Butter Toast (€0.79)
2025-10-20T11:13:29,"I am on a tight budget. Find me Milk, Chicken Breast, Eggs, Apples, and Bread.",48.0,43545,1014,44559,0,11,5,€13.51,Yutto Organic Oat milk  (€0.89),GBO chicken breast fillet with inner fillet (€8.35),Sonnendorfer GQB free-range eggs M/L 10 pieces (€2.79),Apple Pink Lady® (€0.69),Yutto Butter Toast (€0.79)
2025-10-20T11:14:21,"I am on a tight budget. Find me Milk, Chicken Breast, Eggs, Apples, and Bread.",48.0,43545,1014,44559,0,11,5,€13.51,Yutto Organic Oat milk  (€0.89),GBO chicken breast fillet with inner fillet (€8.35),Sonnendorfer GQB free-range eggs M/L 10 pieces (€2.79),Apple Pink Lady® (€0.69),Yutto Butter Toast (€0.79)
2025-10-20T11:15:12,"I am on a tight budget. Find me Milk, Chicken Breast, Eggs, Apples, and Bread.",48.6,43545,1014,44559,0,11,5,€13.51,Yutto Organic Oat milk  (€0.89),GBO chicken breast fillet with inner fillet (€8.35),Sonnendorfer GQB free-range eggs M/L 10 pieces (€2.79),Apple Pink Lady® (€0.69),Yutto Butter Toast (€0.79)
2025-10-20T11:16:04,"I am on a tight budget. Find me Milk, Chicken Breast, Eggs, Apples, and Bread.",48.1,43545,1014,44559,0,11,5,€13.51,Yutto Organic Oat milk  (€0.89),GBO chicken breast fillet with inner fillet (€8.35),Sonnendorfer GQB free-range eggs M/L 10 pieces (€2.79),Apple Pink Lady® (€0.69),Yutto Butter Toast (€0.79)
2025-10-20T11:16:55,"I am on a tight budget. Find me Milk, Chicken Breast, Eggs, Apples, and Bread.",48.3,43545,1014,44559,0,11,5,€13.51,Yutto Organic Oat milk  (€0.89),GBO chicken breast fillet with inner fillet (€8.35),Sonnendorfer GQB free-range eggs M/L 10 pieces (€2.79),Apple Pink Lady® (€0.69),Yutto Butter Toast (€0.79)
2025-10-20T11:17:47,"I am on a tight budget. Find me Milk, Chicken Breast, Eggs, Apples, and Bread.",48.4,43545,1014,44559,0,11,5,€13.51,Yutto Organic Oat milk  (€0.89),GBO chicken breast fillet with inner fillet (€8.35),Sonnendorfer GQB free-range eggs M/L 10 pieces (€2.79),Apple Pink Lady® (€0.69),Yutto Butter Toast (€0.79)
2025-10-20T11:18:39,"I am on a tight budget. Find me Milk, Chicken Breast, Eggs, Apples, and Bread.",48.1,43545,1014,44559,0,11,5,€13.51,Yutto Organic Oat milk  (€0.89),GBO chicken breast fillet with inner fillet (€8.35),Sonnendorfer GQB free-range eggs M/L 10 pieces (€2.79),Apple Pink Lady® (€0.69),Yutto Butter Toast (€0.79)
2025-10-20T11:19:30,"I am on a tight budget. Find me Milk, Chicken Breast, Eggs, Apples, and Bread.",48.8,43545,1014,44559,0,11,5,€13.51,Yutto Organic Oat milk  (€0.89),GBO chicken breast fillet with inner fillet (€8.35),Sonnendorfer GQB free-range eggs M/L 10 pieces (€2.79),Apple Pink Lady® (€0.69),Yutto Butter Toast (€0.79)
2025-10-20T11:20:22,"I am on a tight budget. Find me Milk, Chicken Breast, Eggs, Apples, and Bread.",48.4,43545,1014,44559,0,11,5,€13.51,Yutto Organic Oat milk  (€0.89),GBO chicken breast fillet with inner fillet (€8.35),Sonnendorfer GQB free-range eggs M/L 10 pieces (€2.79),Apple Pink Lady® (€0.69),Yutto Butter Toast (€0.79)
2025-10-20T11:21:14,"I am on a tight budget. Find me Milk, Chicken Breast, Eggs, Apples, and Bread.",47.7,43545,1014,44559,0,11,5,€13.51,Yutto Organic Oat milk  (€0.89),GBO chicken breast fillet with inner fillet (€8.35),Sonnendorfer GQB free-range eggs M/L 10 pieces (€2.79),Apple Pink Lady® (€0.69),Yutto Butter Toast (€0.79)
2025-10-20T11:22:05,"I am on a tight budget. Find me Milk, Chicken Breast, Eggs, Apples, and Bread.",48.5,43545,1014,44559,0,11,5,€13.51,Yutto Organic Oat milk  (€0.89),GBO chicken breast fillet with inner fillet (€8.35),Sonnendorfer GQB free-range eggs M/L 10 pieces (€2.79),Apple Pink Lady® (€0.69),Yutto Butter Toast (€0.79)
2025-10-20T11:22:57,"I am on a tight budget. Find me Milk, Chicken Breast, Eggs, Apples, and Bread.",53.5,43547,1235,44782,0,11,5,€13.51,Yutto Organic Oat milk  (€0.89),GBO chicken breast fillet with inner fillet (€8.35),Sonnendorfer GQB free-range eggs M/L 10 pieces (€2.79),Apple Pink Lady® (€0.69),Yutto Korn an Korn (€0.79)
2025-10-20T11:23:53,"I am on a tight budget. Find me Milk, Chicken Breast, Eggs, Apples, and Bread.",53.6,43547,1235,44782,0,11,5,€13.51,Yutto Organic Oat milk  (€0.89),GBO chicken breast fillet with inner fillet (€8.35),Sonnendorfer GQB free-range eggs M/L 10 pieces (€2.79),Apple Pink Lady® (€0.69),Yutto Korn an Korn (€0.79)
2025-10-20T11:24:50,"I am on a tight budget. Find me Milk, Chicken Breast, Eggs, Apples, and Bread.",53.5,43547,1235,44782,0,11,5,€13.51,Yutto Organic Oat milk  (€0.89),GBO chicken breast fillet with inner fillet (€8.35),Sonnendorfer GQB free-range eggs M/L 10 pieces (€2.79),Apple Pink Lady® (€0.69),Yutto Korn an Korn (€0.79)
2025-10-20T11:25:47,"I am on a tight budget. Find me Milk, Chicken Breast, Eggs, Apples, and Bread.",53.6,43547,1235,44782,0,11,5,€13.51,Yutto Organic Oat milk  (€0.89),GBO chicken breast fillet with inner fillet (€8.35),Sonnendorfer GQB free-range eggs M/L 10 pieces (€2.79),Apple Pink Lady® (€0.69),Yutto Korn an Korn (€0.79)
2025-10-20T11:26:44,"I am on a tight budget. Find me Milk, Chicken Breast, Eggs, Apples, and Bread.",48.0,43545,1014,44559,0,11,5,€13.51,Yutto Organic Oat milk  (€0.89),GBO chicken breast fillet with inner fillet (€8.35),Sonnendorfer GQB free-range eggs M/L 10 pieces (€2.79),Apple Pink Lady® (€0.69),Yutto Butter Toast (€0.79)
2025-10-20T11:27:35,"I am on a tight budget. Find me Milk, Chicken Breast, Eggs, Apples, and Bread.",54.2,43547,1235,44782,0,11,5,€13.51,Yutto Organic Oat milk  (€0.89),GBO chicken breast fillet with inner fillet (€8.35),Sonnendorfer GQB free-range eggs M/L 10 pieces (€2.79),Apple Pink Lady® (€0.69),Yutto Korn an Korn (€0.79)
2025-10-20T11:28:33,"I am on a tight budget. Find me Milk, Chicken Breast, Eggs, Apples, and Bread.",54.9,43547,1235,44782,0,11,5,€13.51,Yutto Organic Oat milk  (€0.89),GBO chicken breast fillet with inner fillet (€8.35),Sonnendorfer GQB free-range eggs M/L 10 pieces (€2.79),Apple Pink Lady® (€0.69),Yutto Korn an Korn (€0.79)
2025-10-20T11:29:31,"I am on a tight budget. Find me Milk, Chicken Breast, Eggs, Apples, and Bread.",55.8,43547,1235,44782,0,11,5,€13.51,Yutto Organic Oat milk  (€0.89),GBO chicken breast fillet with inner fillet (€8.35),Sonnendorfer GQB free-range eggs M/L 10 pieces (€2.79),Apple Pink Lady® (€0.69),Yutto Korn an Korn (€0.79)
2025-10-20T11:30:30,"I am on a tight budget. Find me Milk, Chicken Breast, Eggs, Apples, and Bread.",48.8,43547,1038,44585,0,11,5,€13.51,Yutto Organic Oat milk (€0.89),GBO chicken breast fillet with inner fillet (€8.35),Sonnendorfer GQB free-range eggs M/L 10 pieces (€2.79),Apple Pink Lady® (€0.69),Yutto Korn an Korn (€0.79)
2025-10-20T11:31:22,"I am on a tight budget. Find me Milk, Chicken Breast, Eggs, Apples, and Bread.",48.3,43545,1014,44559,0,11,5,€13.51,Yutto Organic Oat milk  (€0.89),GBO chicken breast fillet with inner fillet (€8.35),Sonnendorfer GQB free-range eggs M/L 10 pieces (€2.79),Apple Pink Lady® (€0.69),Yutto Butter Toast (€0.79)
2025-10-20T11:32:14,"I am on a tight budget. Find me Milk, Chicken Breast, Eggs, Apples, and Bread.",48.8,43547,1038,44585,0,11,5,€13.51,Yutto Organic Oat milk (€0.89),GBO chicken breast fillet with inner fillet (€8.35),Sonnendorfer GQB free-range eggs M/L 10 pieces (€2.79),Apple Pink Lady® (€0.69),Yutto Korn an Korn (€0.79)
2025-10-20T11:33:06,"I am on a tight budget. Find me Milk, Chicken Breast, Eggs, Apples, and Bread.",47.5,43545,1014,44559,0,11,5,€13.51,Yutto Organic Oat milk  (€0.89),GBO chicken breast fillet with inner fillet (€8.35),Sonnendorfer GQB free-range eggs M/L 10 pieces (€2.79),Apple Pink Lady® (€0.69),Yutto Butter Toast (€0.79)
2025-10-20T11:33:57,"I am on a tight budget. Find me Milk, Chicken Breast, Eggs, Apples, and Bread.",54.1,43547,1235,44782,0,11,5,€13.51,Yutto Organic Oat milk  (€0.89),GBO chicken breast fillet with inner fillet (€8.35),Sonnendorfer GQB free-range eggs M/L 10 pieces (€2.79),Apple Pink Lady® (€0.69),Yutto Korn an Korn (€0.79)
2025-10-20T11:34:54,"I am on a tight budget. Find me Milk, Chicken Breast, Eggs, Apples, and Bread.",54.9,43547,1235,44782,0,11,5,€13.51,Yutto Organic Oat milk  (€0.89),GBO chicken breast fillet with inner fillet (€8.35),Sonnendorfer GQB free-range eggs M/L 10 pieces (€2.79),Apple Pink Lady® (€0.69),Yutto Korn an Korn (€0.79)
2025-10-20T11:35:52,"I am on a tight budget. Find me Milk, Chicken Breast, Eggs, Apples, and Bread.",55.2,43547,1235,44782,0,11,5,€13.51,Yutto Organic Oat milk  (€0.89),GBO chicken breast fillet with inner fillet (€8.35),Sonnendorfer GQB free-range eggs M/L 10 pieces (€2.79),Apple Pink Lady® (€0.69),Yutto Korn an Korn (€0.79)
2025-10-20T11:36:51,"I am on a tight budget. Find me Milk, Chicken Breast, Eggs, Apples, and Bread.",55.6,43547,1235,44782,0,11,5,€13.51,Yutto Organic Oat milk  (€0.89),GBO chicken breast fillet with inner fillet (€8.35),Sonnendorfer GQB free-range eggs M/L 10 pieces (€2.79),Apple Pink Lady® (€0.69),Yutto Korn an Korn (€0.79)
2025-10-20T11:37:50,"I am on a tight budget. Find me Milk, Chicken Breast, Eggs, Apples, and Bread.",55.8,43547,1235,44782,0,11,5,€13.51,Yutto Organic Oat milk  (€0.89),GBO chicken breast fillet with inner fillet (€8.35),Sonnendorfer GQB free-range eggs M/L 10 pieces (€2.79),Apple Pink Lady® (€0.69),Yutto Korn an Korn (€0.79)
2025-10-20T11:38:49,"I am on a tight budget. Find me Milk, Chicken Breast, Eggs, Apples, and Bread.",49.6,43547,1038,44585,0,11,5,€13.51,Yutto Organic Oat milk (€0.89),GBO chicken breast fillet with inner fillet (€8.35),Sonnendorfer GQB free-range eggs M/L 10 pieces (€2.79),Apple Pink Lady® (€0.69),Yutto Korn an Korn (€0.79)
2025-10-20T11:39:42,"I am on a tight budget. Find me Milk, Chicken Breast, Eggs, Apples, and Bread.",50.1,43547,1038,44585,0,11,5,€13.51,Yutto Organic Oat milk (€0.89),GBO chicken breast fillet with inner fillet (€8.35),Sonnendorfer GQB free-range eggs M/L 10 pieces (€2.79),Apple Pink Lady® (€0.69),Yutto Korn an Korn (€0.79)
2025-10-20T11:40:35,"I am on a tight budget. Find me Milk, Chicken Breast, Eggs, Apples, and Bread.",56.2,43547,1235,44782,0,11,5,€13.51,Yutto Organic Oat milk  (€0.89),GBO chicken breast fillet with inner fillet (€8.35),Sonnendorfer GQB free-range eggs M/L 10 pieces (€2.79),Apple Pink Lady® (€0.69),Yutto Korn an Korn (€0.79)
2025-10-20T11:41:34,"I am on a tight budget. Find me Milk, Chicken Breast, Eggs, Apples, and Bread.",51.0,43547,1038,44585,0,11,5,€13.51,Yutto Organic Oat milk (€0.89),GBO chicken breast fillet with inner fillet (€8.35),Sonnendorfer GQB free-range eggs M/L 10 pieces (€2.79),Apple Pink Lady® (€0.69),Yutto Korn an Korn (€0.79)
2025-10-20T11:42:29,"I am on a tight budget. Find me Milk, Chicken Breast, Eggs, Apples, and Bread.",50.8,43547,1038,44585,0,11,5,€13.51,Yutto Organic Oat milk (€0.89),GBO chicken breast fillet with inner fillet (€8.35),Sonnendorfer GQB free-range eggs M/L 10 pieces (€2.79),Apple Pink Lady® (€0.69),Yutto Korn an Korn (€0.79)
2025-10-20T11:43:23,"I am on a tight budget. Find me Milk, Chicken Breast, Eggs, Apples, and Bread.",50.7,43547,1038,44585,0,11,5,€13.51,Yutto Organic Oat milk (€0.89),GBO chicken breast fillet with inner fillet (€8.35),Sonnendorfer GQB free-range eggs M/L 10 pieces (€2.79),Apple Pink Lady® (€0.69),Yutto Korn an Korn (€0.79)
2025-10-20T11:44:17,"I am on a tight budget. Find me Milk, Chicken Breast, Eggs, Apples, and Bread.",50.5,43547,1038,44585,0,11,5,€13.51,Yutto Organic Oat milk (€0.89),GBO chicken breast fillet with inner fillet (€8.35),Sonnendorfer GQB free-range eggs M/L 10 pieces (€2.79),Apple Pink Lady® (€0.69),Yutto Korn an Korn (€0.79)
2025-10-20T11:45:11,"I am on a tight budget. Find me Milk, Chicken Breast, Eggs, Apples, and Bread.",56.0,43547,1235,44782,0,11,5,€13.51,Yutto Organic Oat milk  (€0.89),GBO chicken breast fillet with inner fillet (€8.35),Sonnendorfer GQB free-range eggs M/L 10 pieces (€2.79),Apple Pink Lady® (€0.69),Yutto Korn an Korn (€0.79)
2025-10-20T11:46:10,"I am on a tight budget. Find me Milk, Chicken Breast, Eggs, Apples, and Bread.",56.4,43547,1235,44782,0,11,5,€13.51,Yutto Organic Oat milk  (€0.89),GBO chicken breast fillet with inner fillet (€8.35),Sonnendorfer GQB free-range eggs M/L 10 pieces (€2.79),Apple Pink Lady® (€0.69),Yutto Korn an Korn (€0.79)
2025-10-20T11:47:10,"I am on a tight budget. Find me Milk, Chicken Breast, Eggs, Apples, and Bread.",56.3,43547,1235,44782,0,11,5,€13.51,Yutto Organic Oat milk  (€0.89),GBO chicken breast fillet with inner fillet (€8.35),Sonnendorfer GQB free-range eggs M/L 10 pieces (€2.79),Apple Pink Lady® (€0.69),Yutto Korn an Korn (€0.79)
2025-10-20T11:48:09,"I am on a tight budget. Find me Milk, Chicken Breast, Eggs, Apples, and Bread.",56.5,43547,1235,44782,0,11,5,€13.51,Yutto Organic Oat milk  (€0.89),GBO chicken breast fillet with inner fillet (€8.35),Sonnendorfer GQB free-range eggs M/L 10 pieces (€2.79),Apple Pink Lady® (€0.69),Yutto Korn an Korn (€0.79)
2025-10-20T11:49:09,"I am on a tight budget. Find me Milk, Chicken Breast, Eggs, Apples, and Bread.",56.7,43547,1235,44782,0,11,5,€13.51,Yutto Organic Oat milk  (€0.89),GBO chicken breast fillet with inner fillet (€8.35),Sonnendorfer GQB free-range eggs M/L 10 pieces (€2.79),Apple Pink Lady® (€0.69),Yutto Korn an Korn (€0.79)
2025-10-20T11:50:09,"I am on a tight budget. Find me Milk, Chicken Breast, Eggs, Apples, and Bread.",56.6,43547,1235,44782,0,11,5,€13.51,Yutto Organic Oat milk  (€0.89),GBO chicken breast fillet with inner fillet (€8.35),Sonnendorfer GQB free-range eggs M/L 10 pieces (€2.79),Apple Pink Lady® (€0.69),Yutto Korn an Korn (€0.79)
2025-10-20T11:51:09,"I am on a tight budget. Find me Milk, Chicken Breast, Eggs, Apples, and Bread.",55.3,43547,1235,44782,0,11,5,€13.51,Yutto Organic Oat milk  (€0.89),GBO chicken breast fillet with inner fillet (€8.35),Sonnendorfer GQB free-range eggs M/L 10 pieces (€2.79),Apple Pink Lady® (€0.69),Yutto Korn an Korn (€0.79)
2025-10-20T11:52:07,"I am on a tight budget. Find me Milk, Chicken Breast, Eggs, Apples, and Bread.",49.9,43547,1038,44585,0,11,5,€13.51,Yutto Organic Oat milk (€0.89),GBO chicken breast fillet with inner fillet (€8.35),Sonnendorfer GQB free-range eggs M/L 10 pieces (€2.79),Apple Pink Lady® (€0.69),Yutto Korn an Korn (€0.79)
2025-10-20T11:53:00,"I am on a tight budget. Find me Milk, Chicken Breast, Eggs, Apples, and Bread.",49.3,43547,1038,44585,0,11,5,€13.51,Yutto Organic Oat milk (€0.89),GBO chicken breast fillet with inner fillet (€8.35),Sonnendorfer GQB free-range eggs M/L 10 pieces (€2.79),Apple Pink Lady® (€0.69),Yutto Korn an Korn (€0.79)
2025-10-20T11:53:53,"I am on a tight budget. Find me Milk, Chicken Breast, Eggs, Apples, and Bread.",49.6,43547,1038,44585,0,11,5,€13.51,Yutto Organic Oat milk (€0.89),GBO chicken breast fillet with inner fillet (€8.35),Sonnendorfer GQB free-range eggs M/L 10 pieces (€2.79),Apple Pink Lady® (€0.69),Yutto Korn an Korn (€0.79)
2025-10-20T11:54:46,"I am on a tight budget. Find me Milk, Chicken Breast, Eggs, Apples, and Bread.",49.2,43547,1038,44585,0,11,5,€13.51,Yutto Organic Oat milk (€0.89),GBO chicken breast fillet with inner fillet (€8.35),Sonnendorfer GQB free-range eggs M/L 10 pieces (€2.79),Apple Pink Lady® (€0.69),Yutto Korn an Korn (€0.79)
2025-10-20T11:55:38,"I am on a tight budget. Find me Milk, Chicken Breast, Eggs, Apples, and Bread.",49.9,43547,1038,44585,0,11,5,€13.51,Yutto Organic Oat milk (€0.89),GBO chicken breast fillet with inner fillet (€8.35),Sonnendorfer GQB free-range eggs M/L 10 pieces (€2.79),Apple Pink Lady® (€0.69),Yutto Korn an Korn (€0.79)
2025-10-20T12:16:54,"I am on a tight budget. Find me Milk, Chicken Breast, Eggs, Apples, and Bread.",52.7,43547,1235,44782,0,11,5,€13.51,Yutto Organic Oat milk  (€0.89),GBO chicken breast fillet with inner fillet (€8.35),Sonnendorfer GQB free-range eggs M/L 10 pieces (€2.79),Apple Pink Lady® (€0.69),Yutto Korn an Korn (€0.79)
2025-10-20T12:17:50,"I am on a tight budget. Find me Milk, Chicken Breast, Eggs, Apples, and Bread.",47.0,43547,1038,44585,0,11,5,€13.51,Yutto Organic Oat milk (€0.89),GBO chicken breast fillet with inner fillet (€8.35),Sonnendorfer GQB free-range eggs M/L 10 pieces (€2.79),Apple Pink Lady® (€0.69),Yutto Korn an Korn (€0.79)
2025-10-20T12:18:40,"I am on a tight budget. Find me Milk, Chicken Breast, Eggs, Apples, and Bread.",46.5,43545,1014,44559,0,11,5,€13.51,Yutto Organic Oat milk  (€0.89),GBO chicken breast fillet with inner fillet (€8.35),Sonnendorfer GQB free-range eggs M/L 10 pieces (€2.79),Apple Pink Lady® (€0.69),Yutto Butter Toast (€0.79)
2025-10-20T12:19:30,"I am on a tight budget. Find me Milk, Chicken Breast, Eggs, Apples, and Bread.",51.9,43547,1235,44782,0,11,5,€13.51,Yutto Organic Oat milk  (€0.89),GBO chicken breast fillet with inner fillet (€8.35),Sonnendorfer GQB free-range eggs M/L 10 pieces (€2.79),Apple Pink Lady® (€0.69),Yutto Korn an Korn (€0.79)
2025-10-20T12:20:25,"I am on a tight budget. Find me Milk, Chicken Breast, Eggs, Apples, and Bread.",46.4,43545,1014,44559,0,11,5,€13.51,Yutto Organic Oat milk  (€0.89),GBO chicken breast fillet with inner fillet (€8.35),Sonnendorfer GQB free-range eggs M/L 10 pieces (€2.79),Apple Pink Lady® (€0.69),Yutto Butter Toast (€0.79)
2025-10-20T12:21:14,"I am on a tight budget. Find me Milk, Chicken Breast, Eggs, Apples, and Bread.",47.0,43547,1038,44585,0,11,5,€13.51,Yutto Organic Oat milk (€0.89),GBO chicken breast fillet with inner fillet (€8.35),Sonnendorfer GQB free-range eggs M/L 10 pieces (€2.79),Apple Pink Lady® (€0.69),Yutto Korn an Korn (€0.79)
2025-10-20T12:22:05,"I am on a tight budget. Find me Milk, Chicken Breast, Eggs, Apples, and Bread.",47.8,43547,1038,44585,0,11,5,€13.51,Yutto Organic Oat milk (€0.89),GBO chicken breast fillet with inner fillet (€8.35),Sonnendorfer GQB free-range eggs M/L 10 pieces (€2.79),Apple Pink Lady® (€0.69),Yutto Korn an Korn (€0.79)
2025-10-20T12:22:56,"I am on a tight budget. Find me Milk, Chicken Breast, Eggs, Apples, and Bread.",46.7,43547,1038,44585,0,11,5,€13.51,Yutto Organic Oat milk (€0.89),GBO chicken breast fillet with inner fillet (€8.35),Sonnendorfer GQB free-range eggs M/L 10 pieces (€2.79),Apple Pink Lady® (€0.69),Yutto Korn an Korn (€0.79)
2025-10-20T12:23:45,"I am on a tight budget. Find me Milk, Chicken Breast, Eggs, Apples, and Bread.",52.8,43547,1235,44782,0,11,5,€13.51,Yutto Organic Oat milk  (€0.89),GBO chicken breast fillet with inner fillet (€8.35),Sonnendorfer GQB free-range eggs M/L 10 pieces (€2.79),Apple Pink Lady® (€0.69),Yutto Korn an Korn (€0.79)
2025-10-20T12:24:41,"I am on a tight budget. Find me Milk, Chicken Breast, Eggs, Apples, and Bread.",52.8,43547,1235,44782,0,11,5,€13.51,Yutto Organic Oat milk  (€0.89),GBO chicken breast fillet with inner fillet (€8.35),Sonnendorfer GQB free-range eggs M/L 10 pieces (€2.79),Apple Pink Lady® (€0.69),Yutto Korn an Korn (€0.79)
2025-10-20T12:25:37,"I am on a tight budget. Find me Milk, Chicken Breast, Eggs, Apples, and Bread.",52.8,43547,1235,44782,0,11,5,€13.51,Yutto Organic Oat milk  (€0.89),GBO chicken breast fillet with inner fillet (€8.35),Sonnendorfer GQB free-range eggs M/L 10 pieces (€2.79),Apple Pink Lady® (€0.69),Yutto Korn an Korn (€0.79)
2025-10-20T12:26:33,"I am on a tight budget. Find me Milk, Chicken Breast, Eggs, Apples, and Bread.",51.8,43547,1235,44782,0,11,5,€13.51,Yutto Organic Oat milk  (€0.89),GBO chicken breast fillet with inner fillet (€8.35),Sonnendorfer GQB free-range eggs M/L 10 pieces (€2.79),Apple Pink Lady® (€0.69),Yutto Korn an Korn (€0.79)
2025-10-20T12:27:29,"I am on a tight budget. Find me Milk, Chicken Breast, Eggs, Apples, and Bread.",46.9,43547,1038,44585,0,11,5,€13.51,Yutto Organic Oat milk (€0.89),GBO chicken breast fillet with inner fillet (€8.35),Sonnendorfer GQB free-range eggs M/L 10 pieces (€2.79),Apple Pink Lady® (€0.69),Yutto Korn an Korn (€0.79)
2025-10-20T12:28:19,"I am on a tight budget. Find me Milk, Chicken Breast, Eggs, Apples, and Bread.",46.9,43547,1038,44585,0,11,5,€13.51,Yutto Organic Oat milk (€0.89),GBO chicken breast fillet with inner fillet (€8.35),Sonnendorfer GQB free-range eggs M/L 10 pieces (€2.79),Apple Pink Lady® (€0.69),Yutto Korn an Korn (€0.79)
2025-10-20T12:29:09,"I am on a tight budget. Find me Milk, Chicken Breast, Eggs, Apples, and Bread.",47.3,43547,1038,44585,0,11,5,€13.51,Yutto Organic Oat milk (€0.89),GBO chicken breast fillet with inner fillet (€8.35),Sonnendorfer GQB free-range eggs M/L 10 pieces (€2.79),Apple Pink Lady® (€0.69),Yutto Korn an Korn (€0.79)
2025-10-20T12:29:59,"I am on a tight budget. Find me Milk, Chicken Breast, Eggs, Apples, and Bread.",47.1,43547,1038,44585,0,11,5,€13.51,Yutto Organic Oat milk (€0.89),GBO chicken breast fillet with inner fillet (€8.35),Sonnendorfer GQB free-range eggs M/L 10 pieces (€2.79),Apple Pink Lady® (€0.69),Yutto Korn an Korn (€0.79)
2025-10-20T12:30:50,"I am on a tight budget. Find me Milk, Chicken Breast, Eggs, Apples, and Bread.",47.3,43547,1038,44585,0,11,5,€13.51,Yutto Organic Oat milk (€0.89),GBO chicken breast fillet with inner fillet (€8.35),Sonnendorfer GQB free-range eggs M/L 10 pieces (€2.79),Apple Pink Lady® (€0.69),Yutto Korn an Korn (€0.79)
2025-10-20T12:31:40,"I am on a tight budget. Find me Milk, Chicken Breast, Eggs, Apples, and Bread.",52.3,43547,1235,44782,0,11,5,€13.51,Yutto Organic Oat milk  (€0.89),GBO chicken breast fillet with inner fillet (€8.35),Sonnendorfer GQB free-range eggs M/L 10 pieces (€2.79),Apple Pink Lady® (€0.69),Yutto Korn an Korn (€0.79)
2025-10-20T12:32:35,"I am on a tight budget. Find me Milk, Chicken Breast, Eggs, Apples, and Bread.",52.3,43547,1235,44782,0,11,5,€13.51,Yutto Organic Oat milk  (€0.89),GBO chicken breast fillet with inner fillet (€8.35),Sonnendorfer GQB free-range eggs M/L 10 pieces (€2.79),Apple Pink Lady® (€0.69),Yutto Korn an Korn (€0.79)
2025-10-20T12:33:31,"I am on a tight budget. Find me Milk, Chicken Breast, Eggs, Apples, and Bread.",52.4,43547,1235,44782,0,11,5,€13.51,Yutto Organic Oat milk  (€0.89),GBO chicken breast fillet with inner fillet (€8.35),Sonnendorfer GQB free-range eggs M/L 10 pieces (€2.79),Apple Pink Lady® (€0.69),Yutto Korn an Korn (€0.79)
2025-10-20T12:34:27,"I am on a tight budget. Find me Milk, Chicken Breast, Eggs, Apples, and Bread.",52.5,43547,1235,44782,0,11,5,€13.51,Yutto Organic Oat milk  (€0.89),GBO chicken breast fillet with inner fillet (€8.35),Sonnendorfer GQB free-range eggs M/L 10 pieces (€2.79),Apple Pink Lady® (€0.69),Yutto Korn an Korn (€0.79)
2025-10-20T12:35:22,"I am on a tight budget. Find me Milk, Chicken Breast, Eggs, Apples, and Bread.",52.2,43547,1235,44782,0,11,5,€13.51,Yutto Organic Oat milk  (€0.89),GBO chicken breast fillet with inner fillet (€8.35),Sonnendorfer GQB free-range eggs M/L 10 pieces (€2.79),Apple Pink Lady® (€0.69),Yutto Korn an Korn (€0.79)
2025-10-20T12:36:18,"I am on a tight budget. Find me Milk, Chicken Breast, Eggs, Apples, and Bread.",52.8,43547,1235,44782,0,11,5,€13.51,Yutto Organic Oat milk  (€0.89),GBO chicken breast fillet with inner fillet (€8.35),Sonnendorfer GQB free-range eggs M/L 10 pieces (€2.79),Apple Pink Lady® (€0.69),Yutto Korn an Korn (€0.79)
2025-10-20T12:37:14,"I am on a tight budget. Find me Milk, Chicken Breast, Eggs, Apples, and Bread.",53.0,43547,1235,44782,0,11,5,€13.51,Yutto Organic Oat milk  (€0.89),GBO chicken breast fillet with inner fillet (€8.35),Sonnendorfer GQB free-range eggs M/L 10 pieces (€2.79),Apple Pink Lady® (€0.69),Yutto Korn an Korn (€0.79)
2025-10-20T12:38:10,"I am on a tight budget. Find me Milk, Chicken Breast, Eggs, Apples, and Bread.",53.3,43547,1235,44782,0,11,5,€13.51,Yutto Organic Oat milk  (€0.89),GBO chicken breast fillet with inner fillet (€8.35),Sonnendorfer GQB free-range eggs M/L 10 pieces (€2.79),Apple Pink Lady® (€0.69),Yutto Korn an Korn (€0.79)
2025-10-20T12:39:06,"I am on a tight budget. Find me Milk, Chicken Breast, Eggs, Apples, and Bread.",52.8,43547,1235,44782,0,11,5,€13.51,Yutto Organic Oat milk  (€0.89),GBO chicken breast fillet with inner fillet (€8.35),Sonnendorfer GQB free-range eggs M/L 10 pieces (€2.79),Apple Pink Lady® (€0.69),Yutto Korn an Korn (€0.79)
2025-10-20T12:40:02,"I am on a tight budget. Find me Milk, Chicken Breast, Eggs, Apples, and Bread.",53.1,43547,1235,44782,0,11,5,€13.51,Yutto Organic Oat milk  (€0.89),GBO chicken breast fillet with inner fillet (€8.35),Sonnendorfer GQB free-range eggs M/L 10 pieces (€2.79),Apple Pink Lady® (€0.69),Yutto Korn an Korn (€0.79)
2025-10-20T12:40:59,"I am on a tight budget. Find me Milk, Chicken Breast, Eggs, Apples, and Bread.",52.0,43547,1235,44782,0,11,5,€13.51,Yutto Organic Oat milk  (€0.89),GBO chicken breast fillet with inner fillet (€8.35),Sonnendorfer GQB free-range eggs M/L 10 pieces (€2.79),Apple Pink Lady® (€0.69),Yutto Korn an Korn (€0.79)
2025-10-20T12:41:54,"I am on a tight budget. Find me Milk, Chicken Breast, Eggs, Apples, and Bread.",52.8,43547,1235,44782,0,11,5,€13.51,Yutto Organic Oat milk  (€0.89),GBO chicken breast fillet with inner fillet (€8.35),Sonnendorfer GQB free-range eggs M/L 10 pieces (€2.79),Apple Pink Lady® (€0.69),Yutto Korn an Korn (€0.79)
2025-10-20T12:42:50,"I am on a tight budget. Find me Milk, Chicken Breast, Eggs, Apples, and Bread.",51.8,43507,1235,44742,0,11,5,€13.51,Yutto Organic Oat milk (€0.89),GBO chicken breast fillet with inner fillet (€8.35),Sonnendorfer GQB free-range eggs M/L 10 pieces (€2.79),Apple Pink Lady® (€0.69),Yutto Korn an Korn (€0.79)
2025-10-20T12:43:45,"I am on a tight budget. Find me Milk, Chicken Breast, Eggs, Apples, and Bread.",52.1,43547,1235,44782,0,11,5,€13.51,Yutto Organic Oat milk  (€0.89),GBO chicken breast fillet with inner fillet (€8.35),Sonnendorfer GQB free-range eggs M/L 10 pieces (€2.79),Apple Pink Lady® (€0.69),Yutto Korn an Korn (€0.79)
2025-10-20T12:44:40,"I am on a tight budget. Find me Milk, Chicken Breast, Eggs, Apples, and Bread.",52.2,43547,1235,44782,0,11,5,€13.51,Yutto Organic Oat milk  (€0.89),GBO chicken breast fillet with inner fillet (€8.35),Sonnendorfer GQB free-range eggs M/L 10 pieces (€2.79),Apple Pink Lady® (€0.69),Yutto Korn an Korn (€0.79)
2025-10-20T17:45:13,"I am on a tight budget. Find me Milk, Chicken Breast, Eggs, Apples, and Bread.",52.3,43547,1245,44792,0,11,5,€13.16,Yutto Organic Oat milk  (€0.89),GBO chicken breast fillet with inner fillet (€8.21),Sonnendorfer GQB free-range eggs M/L 10 pieces (€2.79),Apple Pink Lady® (€0.69),Yutto Korn an Korn (€0.79)
2025-10-20T17:46:09,"I am on a tight budget. Find me Milk, Chicken Breast, Eggs, Apples, and Bread.",52.2,43545,1236,44781,0,11,5,€13.17,Yutto Organic Oat milk  (€0.89),GBO chicken breast fillet with inner fillet (€8.21),Sonnendorfer GQB free-range eggs M/L 10 pieces (€2.79),Apple Pink Lady® (€0.69),Yutto Butter Toast (€0.79)
2025-10-20T17:47:04,"I am on a tight budget. Find me Milk, Chicken Breast, Eggs, Apples, and Bread.",52.0,43545,1236,44781,0,11,5,€13.17,Yutto Organic Oat milk  (€0.89),GBO chicken breast fillet with inner fillet (€8.21),Sonnendorfer GQB free-range eggs M/L 10 pieces (€2.79),Apple Pink Lady® (€0.69),Yutto Butter Toast (€0.79)
2025-10-20T17:47:59,"I am on a tight budget. Find me Milk, Chicken Breast, Eggs, Apples, and Bread.",52.2,43547,1245,44792,0,11,5,€13.16,Yutto Organic Oat milk  (€0.89),GBO chicken breast fillet with inner fillet (€8.21),Sonnendorfer GQB free-range eggs M/L 10 pieces (€2.79),Apple Pink Lady® (€0.69),Yutto Korn an Korn (€0.79)
2025-10-20T17:48:54,"I am on a tight budget. Find me Milk, Chicken Breast, Eggs, Apples, and Bread.",52.2,43545,1236,44781,0,11,5,€13.17,Yutto Organic Oat milk  (€0.89),GBO chicken breast fillet with inner fillet (€8.21),Sonnendorfer GQB free-range eggs M/L 10 pieces (€2.79),Apple Pink Lady® (€0.69),Yutto Butter Toast (€0.79)
2025-10-20T17:49:49,"I am on a tight budget. Find me Milk, Chicken Breast, Eggs, Apples, and Bread.",52.2,43545,1236,44781,0,11,5,€13.17,Yutto Organic Oat milk  (€0.89),GBO chicken breast fillet with inner fillet (€8.21),Sonnendorfer GQB free-range eggs M/L 10 pieces (€2.79),Apple Pink Lady® (€0.69),Yutto Butter Toast (€0.79)
2025-10-20T17:50:44,"I am on a tight budget. Find me Milk, Chicken Breast, Eggs, Apples, and Bread.",52.0,43545,1236,44781,0,11,5,€13.17,Yutto Organic Oat milk  (€0.89),GBO chicken breast fillet with inner fillet (€8.21),Sonnendorfer GQB free-range eggs M/L 10 pieces (€2.79),Apple Pink Lady® (€0.69),Yutto Butter Toast (€0.79)
2025-10-20T17:51:39,"I am on a tight budget. Find me Milk, Chicken Breast, Eggs, Apples, and Bread.",51.9,43545,1236,44781,0,11,5,€13.17,Yutto Organic Oat milk  (€0.89),GBO chicken breast fillet with inner fillet (€8.21),Sonnendorfer GQB free-range eggs M/L 10 pieces (€2.79),Apple Pink Lady® (€0.69),Yutto Butter Toast (€0.79)
2025-10-20T17:52:34,"I am on a tight budget. Find me Milk, Chicken Breast, Eggs, Apples, and Bread.",52.0,43545,1236,44781,0,11,5,€13.17,Yutto Organic Oat milk  (€0.89),GBO chicken breast fillet with inner fillet (€8.21),Sonnendorfer GQB free-range eggs M/L 10 pieces (€2.79),Apple Pink Lady® (€0.69),Yutto Butter Toast (€0.79)
2025-10-20T17:53:29,"I am on a tight budget. Find me Milk, Chicken Breast, Eggs, Apples, and Bread.",51.8,43545,1236,44781,0,11,5,€13.17,Yutto Organic Oat milk  (€0.89),GBO chicken breast fillet with inner fillet (€8.21),Sonnendorfer GQB free-range eggs M/L 10 pieces (€2.79),Apple Pink Lady® (€0.69),Yutto Butter Toast (€0.79)
2025-10-20T17:54:24,"I am on a tight budget. Find me Milk, Chicken Breast, Eggs, Apples, and Bread.",47.2,43547,1048,44595,0,11,5,€13.17,Yutto Organic Oat milk (€0.89),GBO chicken breast fillet with inner fillet (€8.21),Sonnendorfer GQB free-range eggs M/L 10 pieces (€2.79),Apple Pink Lady® (€0.69),Yutto Korn an Korn (€0.79)
2025-10-20T17:55:14,"I am on a tight budget. Find me Milk, Chicken Breast, Eggs, Apples, and Bread.",52.0,43545,1236,44781,0,11,5,€13.17,Yutto Organic Oat milk  (€0.89),GBO chicken breast fillet with inner fillet (€8.21),Sonnendorfer GQB free-range eggs M/L 10 pieces (€2.79),Apple Pink Lady® (€0.69),Yutto Butter Toast (€0.79)
2025-10-20T17:56:10,"I am on a tight budget. Find me Milk, Chicken Breast, Eggs, Apples, and Bread.",52.2,43545,1236,44781,0,11,5,€13.17,Yutto Organic Oat milk  (€0.89),GBO chicken breast fillet with inner fillet (€8.21),Sonnendorfer GQB free-range eggs M/L 10 pieces (€2.79),Apple Pink Lady® (€0.69),Yutto Butter Toast (€0.79)
2025-10-20T17:57:05,"I am on a tight budget. Find me Milk, Chicken Breast, Eggs, Apples, and Bread.",52.2,43545,1236,44781,0,11,5,€13.17,Yutto Organic Oat milk  (€0.89),GBO chicken breast fillet with inner fillet (€8.21),Sonnendorfer GQB free-range eggs M/L 10 pieces (€2.79),Apple Pink Lady® (€0.69),Yutto Butter Toast (€0.79)
2025-10-20T17:58:00,"I am on a tight budget. Find me Milk, Chicken Breast, Eggs, Apples, and Bread.",51.9,43545,1236,44781,0,11,5,€13.17,Yutto Organic Oat milk  (€0.89),GBO chicken breast fillet with inner fillet (€8.21),Sonnendorfer GQB free-range eggs M/L 10 pieces (€2.79),Apple Pink Lady® (€0.69),Yutto Butter Toast (€0.79)
2025-10-20T17:58:55,"I am on a tight budget. Find me Milk, Chicken Breast, Eggs, Apples, and Bread.",52.0,43545,1236,44781,0,11,5,€13.17,Yutto Organic Oat milk  (€0.89),GBO chicken breast fillet with inner fillet (€8.21),Sonnendorfer GQB free-range eggs M/L 10 pieces (€2.79),Apple Pink Lady® (€0.69),Yutto Butter Toast (€0.79)
2025-10-20T17:59:50,"I am on a tight budget. Find me Milk, Chicken Breast, Eggs, Apples, and Bread.",52.3,43545,1236,44781,0,11,5,€13.17,Yutto Organic Oat milk  (€0.89),GBO chicken breast fillet with inner fillet (€8.21),Sonnendorfer GQB free-range eggs M/L 10 pieces (€2.79),Apple Pink Lady® (€0.69),Yutto Butter Toast (€0.79)
2025-10-20T18:00:46,"I am on a tight budget. Find me Milk, Chicken Breast, Eggs, Apples, and Bread.",52.3,43545,1236,44781,0,11,5,€13.17,Yutto Organic Oat milk  (€0.89),GBO chicken breast fillet with inner fillet (€8.21),Sonnendorfer GQB free-range eggs M/L 10 pieces (€2.79),Apple Pink Lady® (€0.69),Yutto Butter Toast (€0.79)
